Time_s,Ch1
0,0.005584717
1,0.005584717
2,0.005584717
3,0.005584717
4,0.005584717
5,0.005584717
6,0.005584717
7,0.005584717
8,0.005584717
9,0.02111816
10,0.02270508
11,0.02270508
12,0.02432251
13,0.02432251
14,0.02432251
15,0.02432251
16,0.01300049
17,0.01300049
18,0.01263428
19,0.01263428
20,0.01150513
21,0.005523682
22,0.005401611
23,0.005340576
24,0.0027771
25,0.0027771
26,0.0027771
27,0.0027771
28,0.0027771
29,0.0027771
30,0.0027771
31,0.0027771
32,0.0027771
33,0.0027771
34,0.0027771
35,0.0027771
36,0.0027771
37,0.0027771
38,0.0027771
39,0.0027771
40,0.0027771
41,0.0027771
42,0.0027771
43,0.005401611
44,0.005432129
45,0.007324219
46,0.01376343
47,0.01376343
48,0.01376343
49,0.01416016
50,0.01452637
51,0.01565552
52,0.01754761
53,0.01794434
54,0.01907349
55,0.02044678
56,0.02270508
57,0.02270508
58,0.0223999
59,0.02142334
60,0.02175903
61,0.02270508
62,0.02304077
63,0.02334595
64,0.02334595
65,0.0223999
66,0.02142334
67,0.01947021
68,0.01794434
69,0.0171814
70,0.01641846
71,0.0149231
72,0.01416016
73,0.01339722
74,0.01339722
75,0.01263428
76,0.01339722
77,0.01300049
78,0.01416016
79,0.0149231
80,0.0149231
81,0.01681519
82,0.01794434
83,0.01754761
84,0.01794434
85,0.0171814
86,0.01754761
87,0.01947021
88,0.01831055
89,0.01831055
90,0.01907349
91,0.01907349
92,0.01907349
93,0.01681519
94,0.01641846
95,0.01605225
96,0.01605225
97,0.01605225
98,0.01528931
99,0.0171814
100,0.01947021
101,0.02206421
102,0.02206421
103,0.02304077
104,0.02304077
105,0.02270508
106,0.02206421
107,0.02206421
108,0.0223999
109,0.02526855
110,0.02432251
111,0.02398682
112,0.02398682
113,0.02334595
114,0.0223999
115,0.02270508
116,0.02270508
117,0.02270508
118,0.02175903
119,0.02142334
120,0.0201416
121,0.01980591
122,0.01681519
123,0.01528931
124,0.01605225
125,0.01565552
126,0.0149231
127,0.0149231
128,0.01605225
129,0.01641846
130,0.01681519
131,0.0171814
132,0.01907349
133,0.02334595
134,0.02270508
135,0.02206421
136,0.02142334
137,0.02142334
138,0.02111816
139,0.02111816
140,0.02111816
141,0.02111816
142,0.02111816
143,0.02111816
144,0.02111816
145,0.02111816
146,0.02142334
147,0.02142334
148,0.02142334
149,0.02142334
150,0.02142334
151,0.02142334
152,0.02142334
153,0.02142334
154,0.02111816
155,0.02078247
156,0.02044678
157,0.02044678
158,0.01980591
159,0.0201416
160,0.02044678
161,0.02044678
162,0.02078247
163,0.02111816
164,0.02142334
165,0.02111816
166,0.02175903
167,0.02206421
168,0.02175903
169,0.02142334
170,0.02142334
171,0.02078247
172,0.02044678
173,0.02044678
174,0.0201416
175,0.02044678
176,0.02044678
177,0.02044678
178,0.02078247
179,0.02078247
180,0.02078247
181,0.02111816
182,0.02111816
183,0.02142334
184,0.02142334
185,0.02142334
186,0.02111816
187,0.02111816
188,0.02111816
189,0.02078247
190,0.02078247
191,0.02044678
192,0.01980591
193,0.01947021
194,0.01947021
195,0.01907349
196,0.01870728
197,0.01870728
198,0.01870728
199,0.01831055
200,0.01831055
201,0.01831055
202,0.01831055
203,0.01831055
204,0.01831055
205,0.01831055
206,0.01831055
207,0.01794434
208,0.01754761
209,0.0171814
210,0.01681519
211,0.01641846
212,0.01641846
213,0.01641846
214,0.01641846
215,0.01605225
216,0.01605225
217,0.01641846
218,0.01641846
219,0.01681519
220,0.01681519
221,0.01681519
222,0.01681519
223,0.01681519
224,0.01681519
225,0.01681519
226,0.0171814
227,0.0171814
228,0.01681519
229,0.01641846
230,0.01605225
231,0.01565552
232,0.01565552
233,0.01528931
234,0.01528931
235,0.01528931
236,0.01565552
237,0.01565552
238,0.01565552
239,0.01605225
240,0.01681519
241,0.01681519
242,0.01641846
243,0.01605225
244,0.01528931
245,0.0149231
246,0.01452637
247,0.01416016
248,0.01416016
249,0.01376343
250,0.01339722
251,0.01376343
252,0.01416016
253,0.0149231
254,0.01528931
255,0.01565552
256,0.01565552
257,0.01605225
258,0.01641846
259,0.01641846
260,0.01641846
261,0.01641846
262,0.01681519
263,0.01681519
264,0.0171814
265,0.01754761
266,0.01794434
267,0.01831055
268,0.01870728
269,0.01907349
270,0.01980591
271,0.0201416
272,0.02044678
273,0.02044678
274,0.02044678
275,0.02044678
276,0.0201416
277,0.01980591
278,0.01980591
279,0.01980591
280,0.01947021
281,0.01947021
282,0.01947021
283,0.01947021
284,0.01907349
285,0.01907349
286,0.01907349
287,0.01907349
288,0.01907349
289,0.01907349
290,0.01907349
291,0.01907349
292,0.01907349
293,0.01947021
294,0.01947021
295,0.01980591
296,0.01980591
297,0.01980591
298,0.0201416
299,0.0201416
300,0.02044678
301,0.02044678
302,0.02044678
303,0.02044678
304,0.02044678
305,0.0201416
306,0.01980591
307,0.01947021
308,0.01907349
309,0.01870728
310,0.01870728
311,0.01831055
312,0.01794434
313,0.01754761
314,0.01754761
315,0.01794434
316,0.01794434
317,0.01794434
318,0.01794434
319,0.01831055
320,0.01870728
321,0.01907349
322,0.01870728
323,0.01870728
324,0.01794434
325,0.01794434
326,0.01794434
327,0.01754761
328,0.01754761
329,0.0171814
330,0.01681519
331,0.01681519
332,0.01641846
333,0.01641846
334,0.01605225
335,0.01605225
336,0.01605225
337,0.01605225
338,0.01605225
339,0.01565552
340,0.01565552
341,0.01528931
342,0.01528931
343,0.0149231
344,0.01528931
345,0.01565552
346,0.01605225
347,0.01641846
348,0.01681519
349,0.01681519
350,0.01681519
351,0.0171814
352,0.01681519
353,0.01681519
354,0.01681519
355,0.01605225
356,0.01605225
357,0.01565552
358,0.01565552
359,0.01528931
360,0.01528931
361,0.01528931
362,0.01528931
363,0.01528931
364,0.01528931
365,0.01528931
366,0.01528931
367,0.01528931
368,0.0149231
369,0.01416016
370,0.01416016
371,0.01376343
372,0.01376343
373,0.01376343
374,0.01376343
375,0.01452637
376,0.01416016
377,0.01452637
378,0.01528931
379,0.01605225
380,0.01681519
381,0.01681519
382,0.0171814
383,0.0171814
384,0.0171814
385,0.0171814
386,0.0171814
387,0.01754761
388,0.01794434
389,0.01794434
390,0.01794434
391,0.01794434
392,0.01794434
393,0.01794434
394,0.01794434
395,0.01754761
396,0.0171814
397,0.01681519
398,0.01681519
399,0.0171814
400,0.01754761
401,0.01794434
402,0.01831055
403,0.01870728
404,0.01870728
405,0.01870728
406,0.01870728
407,0.01870728
408,0.01870728
409,0.01870728
410,0.01831055
411,0.01831055
412,0.01831055
413,0.01831055
414,0.01831055
415,0.01831055
416,0.01794434
417,0.01831055
418,0.01831055
419,0.01831055
420,0.01831055
421,0.01870728
422,0.01907349
423,0.01947021
424,0.01980591
425,0.02044678
426,0.02142334
427,0.02175903
428,0.02206421
429,0.02206421
430,0.02206421
431,0.0223999
432,0.0223999
433,0.0223999
434,0.02206421
435,0.02206421
436,0.02206421
437,0.02206421
438,0.02206421
439,0.0223999
440,0.0223999
441,0.0223999
442,0.0223999
443,0.0223999
444,0.0223999
445,0.0223999
446,0.0223999
447,0.02206421
448,0.02206421
449,0.02175903
450,0.02175903
451,0.02175903
452,0.02142334
453,0.02142334
454,0.02111816
455,0.02111816
456,0.02078247
457,0.02111816
458,0.02078247
459,0.02078247
460,0.02111816
461,0.02111816
462,0.02142334
463,0.02142334
464,0.02111816
465,0.02111816
466,0.02111816
467,0.02111816
468,0.02078247
469,0.02078247
470,0.02078247
471,0.0201416
472,0.01980591
473,0.01907349
474,0.01870728
475,0.01831055
476,0.01794434
477,0.01754761
478,0.01754761
479,0.01754761
480,0.01754761
481,0.01754761
482,0.01754761
483,0.01794434
484,0.01794434
485,0.01794434
486,0.01794434
487,0.01794434
488,0.01794434
489,0.01794434
490,0.01831055
491,0.01831055
492,0.01794434
493,0.01831055
494,0.01831055
495,0.01831055
496,0.01831055
497,0.01831055
498,0.01831055
499,0.01831055
500,0.01831055
501,0.01831055
502,0.01794434
503,0.01794434
504,0.01794434
505,0.01831055
506,0.01831055
507,0.01831055
508,0.01794434
509,0.01794434
510,0.01794434
511,0.01831055
512,0.01870728
513,0.01907349
514,0.01907349
515,0.01907349
516,0.01907349
517,0.01907349
518,0.01907349
519,0.01870728
520,0.01831055
521,0.01794434
522,0.01794434
523,0.01754761
524,0.0171814
525,0.01681519
526,0.01681519
527,0.01641846
528,0.01605225
529,0.01605225
530,0.01565552
531,0.01565552
532,0.01565552
533,0.01565552
534,0.01565552
535,0.01528931
536,0.01528931
537,0.01528931
538,0.01528931
539,0.01528931
540,0.0149231
541,0.0149231
542,0.01452637
543,0.01452637
544,0.01452637
545,0.01452637
546,0.0149231
547,0.0149231
548,0.01452637
549,0.01452637
550,0.01452637
551,0.0149231
552,0.0149231
553,0.0149231
554,0.0149231
555,0.01452637
556,0.01416016
557,0.01376343
558,0.01376343
559,0.01339722
560,0.01339722
561,0.01339722
562,0.01339722
563,0.01300049
564,0.01300049
565,0.01263428
566,0.01263428
567,0.01226807
568,0.01226807
569,0.01226807
570,0.01226807
571,0.01187134
572,0.01187134
573,0.01187134
574,0.01187134
575,0.01187134
576,0.01226807
577,0.01300049
578,0.01300049
579,0.01300049
580,0.01300049
581,0.01339722
582,0.01339722
583,0.01339722
584,0.01416016
585,0.01416016
586,0.01452637
587,0.0149231
588,0.01528931
589,0.01565552
590,0.01565552
591,0.01528931
592,0.01528931
593,0.01528931
594,0.01565552
595,0.01605225
596,0.01605225
597,0.01565552
598,0.01528931
599,0.01528931
600,0.0149231
601,0.0149231
602,0.01452637
603,0.01452637
604,0.01452637
605,0.01452637
606,0.01416016
607,0.01416016
608,0.01416016
609,0.01416016
610,0.01376343
611,0.01376343
612,0.01376343
613,0.01339722
614,0.01339722
615,0.01376343
616,0.01416016
617,0.01452637
618,0.01452637
619,0.01452637
620,0.0149231
621,0.0149231
622,0.0149231
623,0.0149231
624,0.0149231
625,0.0149231
626,0.0149231
627,0.0149231
628,0.0149231
629,0.01528931
630,0.01528931
631,0.01528931
632,0.01528931
633,0.01528931
634,0.01528931
635,0.01528931
636,0.01565552
637,0.01565552
638,0.01641846
639,0.01641846
640,0.01641846
641,0.01641846
642,0.01641846
643,0.01641846
644,0.01565552
645,0.01528931
646,0.01528931
647,0.0149231
648,0.0149231
649,0.0149231
650,0.0149231
651,0.01452637
652,0.0149231
653,0.0149231
654,0.01528931
655,0.01565552
656,0.01641846
657,0.0171814
658,0.01754761
659,0.01794434
660,0.01831055
661,0.01831055
662,0.01870728
663,0.01870728
664,0.01831055
665,0.01831055
666,0.01870728
667,0.01907349
668,0.01907349
669,0.01947021
670,0.01947021
671,0.01947021
672,0.01947021
673,0.01907349
674,0.01907349
675,0.01907349
676,0.01907349
677,0.01907349
678,0.01907349
679,0.01907349
680,0.01907349
681,0.01907349
682,0.01907349
683,0.01947021
684,0.01947021
685,0.01947021
686,0.01980591
687,0.01980591
688,0.0201416
689,0.0201416
690,0.0201416
691,0.01980591
692,0.01980591
693,0.01980591
694,0.01947021
695,0.01907349
696,0.01870728
697,0.01831055
698,0.01831055
699,0.01794434
700,0.01754761
701,0.01754761
702,0.01754761
703,0.01831055
704,0.01907349
705,0.01907349
706,0.01907349
707,0.01980591
708,0.01947021
709,0.0201416
710,0.01980591
711,0.01907349
712,0.01907349
713,0.01907349
714,0.01870728
715,0.01870728
716,0.01831055
717,0.01831055
718,0.01870728
719,0.01831055
720,0.01831055
721,0.01794434
722,0.01831055
723,0.01947021
724,0.01980591
725,0.01907349
726,0.01907349
727,0.01870728
728,0.01870728
729,0.01831055
730,0.01831055
731,0.01870728
732,0.01794434
733,0.01754761
734,0.0171814
735,0.01681519
736,0.01641846
737,0.01605225
738,0.01641846
739,0.0171814
740,0.01754761
741,0.01831055
742,0.01870728
743,0.01907349
744,0.01980591
745,0.01980591
746,0.02044678
747,0.02078247
748,0.02175903
749,0.0223999
750,0.02334595
751,0.0223999
752,0.02206421
753,0.02206421
754,0.02175903
755,0.02175903
756,0.02206421
757,0.02206421
758,0.0223999
759,0.02304077
760,0.01980591
761,0.01980591
762,0.01907349
763,0.01870728
764,0.01870728
765,0.01794434
766,0.01831055
767,0.01794434
768,0.01681519
769,0.01565552
770,0.01528931
771,0.01754761
772,0.01754761
773,0.0171814
774,0.01681519
775,0.0171814
776,0.01681519
777,0.01681519
778,0.0171814
779,0.01681519
780,0.01681519
781,0.01681519
782,0.01641846
783,0.01641846
784,0.01681519
785,0.01641846
786,0.01681519
787,0.01681519
788,0.01681519
789,0.01681519
790,0.01681519
791,0.01681519
792,0.01641846
793,0.01641846
794,0.01641846
795,0.01641846
796,0.01605225
797,0.01605225
798,0.01565552
799,0.01641846
800,0.01641846
801,0.01641846
802,0.01641846
803,0.01641846
804,0.01565552
805,0.01605225
806,0.01605225
807,0.01605225
808,0.01565552
809,0.01605225
810,0.01605225
811,0.01565552
812,0.01565552
813,0.01605225
814,0.01565552
815,0.01565552
816,0.01565552
817,0.01528931
818,0.01565552
819,0.01605225
820,0.01605225
821,0.01641846
822,0.01605225
823,0.01641846
824,0.01641846
825,0.01641846
826,0.01641846
827,0.01681519
828,0.01681519
829,0.0171814
830,0.0171814
831,0.0171814
832,0.01641846
833,0.01641846
834,0.01641846
835,0.01641846
836,0.01605225
837,0.01641846
838,0.01641846
839,0.01641846
840,0.01641846
841,0.01528931
842,0.01528931
843,0.01528931
844,0.01794434
845,0.01831055
846,0.01831055
847,0.01870728
848,0.01870728
849,0.01831055
850,0.01831055
851,0.01794434
852,0.01794434
853,0.01794434
854,0.01794434
855,0.01794434
856,0.01831055
857,0.01870728
858,0.01907349
859,0.01947021
860,0.01980591
861,0.0201416
862,0.0201416
863,0.0201416
864,0.0201416
865,0.0201416
866,0.02044678
867,0.02078247
868,0.02111816
869,0.02142334
870,0.02175903
871,0.0223999
872,0.02270508
873,0.02304077
874,0.02398682
875,0.02432251
876,0.02462769
877,0.02462769
878,0.02496338
879,0.02496338
880,0.02526855
881,0.02526855
882,0.02526855
883,0.02526855
884,0.02590942
885,0.02624512
886,0.02655029
887,0.02719116
888,0.02752686
889,0.02816772
890,0.0284729
891,0.02880859
892,0.02911377
893,0.02944946
894,0.02975464
895,0.03009033
896,0.03009033
897,0.02975464
898,0.02975464
899,0.03009033
900,0.02975464
901,0.02975464
902,0.02944946
903,0.02944946
904,0.02944946
905,0.02944946
906,0.02944946
907,0.02944946
908,0.02944946
909,0.02944946
910,0.02911377
911,0.02911377
912,0.02911377
913,0.02880859
914,0.02880859
915,0.0284729
916,0.0284729
917,0.02816772
918,0.02783203
919,0.02752686
920,0.02719116
921,0.02688599
922,0.02655029
923,0.02624512
924,0.02590942
925,0.02560425
926,0.02526855
927,0.02526855
928,0.02496338
929,0.02462769
930,0.02432251
931,0.02368164
932,0.02334595
933,0.02270508
934,0.02206421
935,0.02175903
936,0.02111816
937,0.02111816
938,0.02111816
939,0.02078247
940,0.02078247
941,0.02078247
942,0.02078247
943,0.02078247
944,0.02078247
945,0.02044678
946,0.0201416
947,0.0201416
948,0.0201416
949,0.0201416
950,0.01980591
951,0.01947021
952,0.01907349
953,0.01870728
954,0.01870728
955,0.01831055
956,0.01831055
957,0.01794434
958,0.01794434
959,0.01794434
960,0.01794434
961,0.01754761
962,0.01754761
963,0.01754761
964,0.01794434
965,0.01794434
966,0.01794434
967,0.01794434
968,0.01794434
969,0.01831055
970,0.01831055
971,0.01870728
972,0.01907349
973,0.01907349
974,0.01870728
975,0.01870728
976,0.01831055
977,0.01754761
978,0.01754761
979,0.01754761
980,0.0171814
981,0.01681519
982,0.01681519
983,0.01681519
984,0.01641846
985,0.01681519
986,0.01641846
987,0.01641846
988,0.01641846
989,0.01641846
990,0.01641846
991,0.01641846
992,0.01641846
993,0.01641846
994,0.01681519
995,0.0171814
996,0.0171814
997,0.01681519
998,0.01681519
999,0.01605225
1000,0.01605225
1001,0.01528931
1002,0.01528931
1003,0.01528931
1004,0.0149231
1005,0.01452637
1006,0.01452637
1007,0.01416016
1008,0.01416016
1009,0.01452637
1010,0.01452637
1011,0.01452637
1012,0.01452637
1013,0.01452637
1014,0.0149231
1015,0.0149231
1016,0.01528931
1017,0.01528931
1018,0.01528931
1019,0.01528931
1020,0.01528931
1021,0.01565552
1022,0.01565552
1023,0.01565552
1024,0.01565552
1025,0.01565552
1026,0.01605225
1027,0.01641846
1028,0.01681519
1029,0.01681519
1030,0.0171814
1031,0.01681519
1032,0.01681519
1033,0.01681519
1034,0.01641846
1035,0.01641846
1036,0.01605225
1037,0.01605225
1038,0.01605225
1039,0.01605225
1040,0.01605225
1041,0.01605225
1042,0.01565552
1043,0.01565552
1044,0.01565552
1045,0.01565552
1046,0.01565552
1047,0.01565552
1048,0.01605225
1049,0.01605225
1050,0.01605225
1051,0.01641846
1052,0.01641846
1053,0.01641846
1054,0.01641846
1055,0.01641846
1056,0.01641846
1057,0.01641846
1058,0.01681519
1059,0.0171814
1060,0.01754761
1061,0.01794434
1062,0.01831055
1063,0.01870728
1064,0.01870728
1065,0.01870728
1066,0.01831055
1067,0.01831055
1068,0.01794434
1069,0.01794434
1070,0.01794434
1071,0.01794434
1072,0.01831055
1073,0.01831055
1074,0.01870728
1075,0.01870728
1076,0.01907349
1077,0.01907349
1078,0.01907349
1079,0.01907349
1080,0.01870728
1081,0.01870728
1082,0.01870728
1083,0.01870728
1084,0.01870728
1085,0.01907349
1086,0.01907349
1087,0.01907349
1088,0.01907349
1089,0.01907349
1090,0.01870728
1091,0.01870728
1092,0.01831055
1093,0.01831055
1094,0.01794434
1095,0.01794434
1096,0.01794434
1097,0.01831055
1098,0.01831055
1099,0.01870728
1100,0.01870728
1101,0.01870728
1102,0.01870728
1103,0.01870728
1104,0.01870728
1105,0.01870728
1106,0.01870728
1107,0.01907349
1108,0.01907349
1109,0.01947021
1110,0.01947021
1111,0.01980591
1112,0.01947021
1113,0.01947021
1114,0.01947021
1115,0.01947021
1116,0.01947021
1117,0.01947021
1118,0.01947021
1119,0.01947021
1120,0.01947021
1121,0.01907349
1122,0.01907349
1123,0.01870728
1124,0.01831055
1125,0.01794434
1126,0.01794434
1127,0.01754761
1128,0.01754761
1129,0.01754761
1130,0.01794434
1131,0.01794434
1132,0.01794434
1133,0.01831055
1134,0.01831055
1135,0.01831055
1136,0.01831055
1137,0.01870728
1138,0.01870728
1139,0.01831055
1140,0.01870728
1141,0.01831055
1142,0.01831055
1143,0.01794434
1144,0.01831055
1145,0.01831055
1146,0.01794434
1147,0.01754761
1148,0.0171814
1149,0.0171814
1150,0.0171814
1151,0.0171814
1152,0.0171814
1153,0.01681519
1154,0.0171814
1155,0.0171814
1156,0.01754761
1157,0.01794434
1158,0.01794434
1159,0.01794434
1160,0.01794434
1161,0.01794434
1162,0.01794434
1163,0.01794434
1164,0.01794434
1165,0.01794434
1166,0.01794434
1167,0.01794434
1168,0.01794434
1169,0.01794434
1170,0.01794434
1171,0.01794434
1172,0.01794434
1173,0.01794434
1174,0.01794434
1175,0.01794434
1176,0.01794434
1177,0.01831055
1178,0.01831055
1179,0.01831055
1180,0.01831055
1181,0.01870728
1182,0.01870728
1183,0.01907349
1184,0.01907349
1185,0.01907349
1186,0.01870728
1187,0.01870728
1188,0.01870728
1189,0.01870728
1190,0.01907349
1191,0.01907349
1192,0.01907349
1193,0.01870728
1194,0.01870728
1195,0.01831055
1196,0.01754761
1197,0.0171814
1198,0.01681519
1199,0.01681519
1200,0.01641846
1201,0.01641846
1202,0.01681519
1203,0.0171814
1204,0.0171814
1205,0.01794434
1206,0.01831055
1207,0.01870728
1208,0.01870728
1209,0.01907349
1210,0.01907349
1211,0.01947021
1212,0.01947021
1213,0.01947021
1214,0.01947021
1215,0.01947021
1216,0.01907349
1217,0.01907349
1218,0.01907349
1219,0.01907349
1220,0.01907349
1221,0.01870728
1222,0.01831055
1223,0.01831055
1224,0.01794434
1225,0.01794434
1226,0.01794434
1227,0.01754761
1228,0.01754761
1229,0.01754761
1230,0.01754761
1231,0.01794434
1232,0.01794434
1233,0.01831055
1234,0.01831055
1235,0.01794434
1236,0.01794434
1237,0.01794434
1238,0.01794434
1239,0.01831055
1240,0.01831055
1241,0.01907349
1242,0.01947021
1243,0.01980591
1244,0.01980591
1245,0.01980591
1246,0.01980591
1247,0.01980591
1248,0.01980591
1249,0.01980591
1250,0.01980591
1251,0.01980591
1252,0.0201416
1253,0.0201416
1254,0.0201416
1255,0.01980591
1256,0.01947021
1257,0.01907349
1258,0.01831055
1259,0.01831055
1260,0.01794434
1261,0.0171814
1262,0.0171814
1263,0.01754761
1264,0.01754761
1265,0.01794434
1266,0.01794434
1267,0.01831055
1268,0.01831055
1269,0.01831055
1270,0.01794434
1271,0.01794434
1272,0.01754761
1273,0.01754761
1274,0.0171814
1275,0.0171814
1276,0.0171814
1277,0.0171814
1278,0.01754761
1279,0.01754761
1280,0.01754761
1281,0.01754761
1282,0.01754761
1283,0.01754761
1284,0.01754761
1285,0.01754761
1286,0.01754761
1287,0.01754761
1288,0.01754761
1289,0.01794434
1290,0.01794434
1291,0.01794434
1292,0.01831055
1293,0.01831055
1294,0.01831055
1295,0.01831055
1296,0.01831055
1297,0.01870728
1298,0.01907349
1299,0.01907349
1300,0.01947021
1301,0.01947021
1302,0.01947021
1303,0.01947021
1304,0.01947021
1305,0.01980591
1306,0.01980591
1307,0.01980591
1308,0.01980591
1309,0.01980591
1310,0.01947021
1311,0.01947021
1312,0.01907349
1313,0.01870728
1314,0.01870728
1315,0.01831055
1316,0.01831055
1317,0.01831055
1318,0.01831055
1319,0.01831055
1320,0.01794434
1321,0.01794434
1322,0.01794434
1323,0.01794434
1324,0.01794434
1325,0.01754761
1326,0.01754761
1327,0.01754761
1328,0.01794434
1329,0.01794434
1330,0.01754761
1331,0.01681519
1332,0.01681519
1333,0.01641846
1334,0.01641846
1335,0.01605225
1336,0.01605225
1337,0.01565552
1338,0.01565552
1339,0.01641846
1340,0.0171814
1341,0.01754761
1342,0.01754761
1343,0.01754761
1344,0.01831055
1345,0.01831055
1346,0.01870728
1347,0.01831055
1348,0.01831055
1349,0.01831055
1350,0.01831055
1351,0.01794434
1352,0.01754761
1353,0.0171814
1354,0.0171814
1355,0.0171814
1356,0.0171814
1357,0.0171814
1358,0.01754761
1359,0.0171814
1360,0.01681519
1361,0.01641846
1362,0.01605225
1363,0.01565552
1364,0.01528931
1365,0.0149231
1366,0.01452637
1367,0.01452637
1368,0.01452637
1369,0.01528931
1370,0.01528931
1371,0.01528931
1372,0.0149231
1373,0.0149231
1374,0.01452637
1375,0.01452637
1376,0.01376343
1377,0.01339722
1378,0.01339722
1379,0.01339722
1380,0.01376343
1381,0.01416016
1382,0.01416016
1383,0.01416016
1384,0.01416016
1385,0.01452637
1386,0.01452637
1387,0.01452637
1388,0.01452637
1389,0.01452637
1390,0.01416016
1391,0.01416016
1392,0.0149231
1393,0.01528931
1394,0.01565552
1395,0.01605225
1396,0.01605225
1397,0.01641846
1398,0.01681519
1399,0.0171814
1400,0.01754761
1401,0.01794434
1402,0.01831055
1403,0.01907349
1404,0.01947021
1405,0.0201416
1406,0.02111816
1407,0.02142334
1408,0.02175903
1409,0.02206421
1410,0.02206421
1411,0.02175903
1412,0.02175903
1413,0.02142334
1414,0.02111816
1415,0.02078247
1416,0.02044678
1417,0.0201416
1418,0.0201416
1419,0.01980591
1420,0.01980591
1421,0.01980591
1422,0.01947021
1423,0.01947021
1424,0.01947021
1425,0.01947021
1426,0.01947021
1427,0.01947021
1428,0.01947021
1429,0.01947021
1430,0.01947021
1431,0.01947021
1432,0.01947021
1433,0.01947021
1434,0.01980591
1435,0.01980591
1436,0.01947021
1437,0.01947021
1438,0.01907349
1439,0.01907349
1440,0.01870728
1441,0.01870728
1442,0.01870728
1443,0.01870728
1444,0.01870728
1445,0.01870728
1446,0.01831055
1447,0.01831055
1448,0.01831055
1449,0.01831055
1450,0.01794434
1451,0.01794434
1452,0.01794434
1453,0.01794434
1454,0.01794434
1455,0.01794434
1456,0.01831055
1457,0.01831055
1458,0.01831055
1459,0.01831055
1460,0.01831055
1461,0.01794434
1462,0.01831055
1463,0.01831055
1464,0.01831055
1465,0.01870728
1466,0.01907349
1467,0.01907349
1468,0.01947021
1469,0.01947021
1470,0.01947021
1471,0.01947021
1472,0.01947021
1473,0.01947021
1474,0.01947021
1475,0.01947021
1476,0.01980591
1477,0.01980591
1478,0.01980591
1479,0.01947021
1480,0.01947021
1481,0.01907349
1482,0.01870728
1483,0.01831055
1484,0.01831055
1485,0.01794434
1486,0.01794434
1487,0.01794434
1488,0.01831055
1489,0.01831055
1490,0.01907349
1491,0.01947021
1492,0.01980591
1493,0.0201416
1494,0.0201416
1495,0.0201416
1496,0.01980591
1497,0.01947021
1498,0.01907349
1499,0.01870728
1500,0.01831055
1501,0.01794434
1502,0.01831055
1503,0.01870728
1504,0.01907349
1505,0.01947021
1506,0.01980591
1507,0.02044678
1508,0.02078247
1509,0.02078247
1510,0.02078247
1511,0.02078247
1512,0.02078247
1513,0.02078247
1514,0.02078247
1515,0.02078247
1516,0.02078247
1517,0.02111816
1518,0.02111816
1519,0.02142334
1520,0.02175903
1521,0.02206421
1522,0.02206421
1523,0.02206421
1524,0.02206421
1525,0.02206421
1526,0.02206421
1527,0.02206421
1528,0.0223999
1529,0.02206421
1530,0.0223999
1531,0.0223999
1532,0.02270508
1533,0.02304077
1534,0.02334595
1535,0.02398682
1536,0.02432251
1537,0.02462769
1538,0.02496338
1539,0.02526855
1540,0.02624512
1541,0.02752686
1542,0.02752686
1543,0.02752686
1544,0.02752686
1545,0.02752686
1546,0.02783203
1547,0.02783203
1548,0.02655029
1549,0.02624512
1550,0.02655029
1551,0.02688599
1552,0.02752686
1553,0.02752686
1554,0.02783203
1555,0.02783203
1556,0.02783203
1557,0.02719116
1558,0.02655029
1559,0.02688599
1560,0.02688599
1561,0.02688599
1562,0.02752686
1563,0.02783203
1564,0.02783203
1565,0.0284729
1566,0.02880859
1567,0.0284729
1568,0.0284729
1569,0.02880859
1570,0.0284729
1571,0.02783203
1572,0.02816772
1573,0.02816772
1574,0.0284729
1575,0.02880859
1576,0.02911377
1577,0.02944946
1578,0.02911377
1579,0.02911377
1580,0.02944946
1581,0.02944946
1582,0.02944946
1583,0.02944946
1584,0.02975464
1585,0.02975464
1586,0.02975464
1587,0.02975464
1588,0.02975464
1589,0.03009033
1590,0.03009033
1591,0.03009033
1592,0.02975464
1593,0.02975464
1594,0.03009033
1595,0.03009033
1596,0.03009033
1597,0.03039551
1598,0.0307312
1599,0.03103638
1600,0.03103638
1601,0.03103638
1602,0.03103638
1603,0.03103638
1604,0.03103638
1605,0.03103638
1606,0.03103638
1607,0.03103638
1608,0.03103638
1609,0.03103638
1610,0.0307312
1611,0.0307312
1612,0.03039551
1613,0.03009033
1614,0.03009033
1615,0.02975464
1616,0.02975464
1617,0.02944946
1618,0.02911377
1619,0.02911377
1620,0.02880859
1621,0.0284729
1622,0.0284729
1623,0.0284729
1624,0.0284729
1625,0.02816772
1626,0.02816772
1627,0.02783203
1628,0.02783203
1629,0.02752686
1630,0.02752686
1631,0.02752686
1632,0.02752686
1633,0.02752686
1634,0.02752686
1635,0.02719116
1636,0.02719116
1637,0.02655029
1638,0.02624512
1639,0.02590942
1640,0.02560425
1641,0.02496338
1642,0.02462769
1643,0.02432251
1644,0.02398682
1645,0.02368164
1646,0.02368164
1647,0.02334595
1648,0.02334595
1649,0.02304077
1650,0.02304077
1651,0.02270508
1652,0.02270508
1653,0.0223999
1654,0.0223999
1655,0.02206421
1656,0.02175903
1657,0.02142334
1658,0.02142334
1659,0.02111816
1660,0.02078247
1661,0.02078247
1662,0.02078247
1663,0.02044678
1664,0.02044678
1665,0.02044678
1666,0.02044678
1667,0.0201416
1668,0.0201416
1669,0.0201416
1670,0.01980591
1671,0.01980591
1672,0.01980591
1673,0.01980591
1674,0.0201416
1675,0.0201416
1676,0.01980591
1677,0.0201416
1678,0.0201416
1679,0.02044678
1680,0.02044678
1681,0.02078247
1682,0.02078247
1683,0.02078247
1684,0.02078247
1685,0.02078247
1686,0.02044678
1687,0.0201416
1688,0.01980591
1689,0.01947021
1690,0.01907349
1691,0.01907349
1692,0.01907349
1693,0.01907349
1694,0.01907349
1695,0.01870728
1696,0.01831055
1697,0.01794434
1698,0.01754761
1699,0.0171814
1700,0.01681519
1701,0.01641846
1702,0.01605225
1703,0.01605225
1704,0.01641846
1705,0.01681519
1706,0.01681519
1707,0.0171814
1708,0.0171814
1709,0.0171814
1710,0.0171814
1711,0.0171814
1712,0.0171814
1713,0.01681519
1714,0.01681519
1715,0.01681519
1716,0.0171814
1717,0.01754761
1718,0.01754761
1719,0.01754761
1720,0.01754761
1721,0.01754761
1722,0.01754761
1723,0.01754761
1724,0.0171814
1725,0.0171814
1726,0.0171814
1727,0.0171814
1728,0.01754761
1729,0.01754761
1730,0.01794434
1731,0.01794434
1732,0.01831055
1733,0.01831055
1734,0.01831055
1735,0.01831055
1736,0.01831055
1737,0.01831055
1738,0.01831055
1739,0.01794434
1740,0.01831055
1741,0.01794434
1742,0.01794434
1743,0.01794434
1744,0.01794434
1745,0.01754761
1746,0.01754761
1747,0.01754761
1748,0.01754761
1749,0.0171814
1750,0.0171814
1751,0.01754761
1752,0.01754761
1753,0.01794434
1754,0.01831055
1755,0.01831055
1756,0.01794434
1757,0.01794434
1758,0.01754761
1759,0.01754761
1760,0.0171814
1761,0.0171814
1762,0.01681519
1763,0.01681519
1764,0.01681519
1765,0.0171814
1766,0.01754761
1767,0.01794434
1768,0.01831055
1769,0.01794434
1770,0.01794434
1771,0.01794434
1772,0.01794434
1773,0.01794434
1774,0.01794434
1775,0.01794434
1776,0.01794434
1777,0.01794434
1778,0.01794434
1779,0.01794434
1780,0.01794434
1781,0.01794434
1782,0.01794434
1783,0.01794434
1784,0.01754761
1785,0.01754761
1786,0.01754761
1787,0.01754761
1788,0.01754761
1789,0.0171814
1790,0.01681519
1791,0.01681519
1792,0.01681519
1793,0.01681519
1794,0.01681519
1795,0.01681519
1796,0.01681519
1797,0.01681519
1798,0.01681519
1799,0.01681519
1800,0.01681519
1801,0.01681519
1802,0.01681519
1803,0.01681519
1804,0.01641846
1805,0.01641846
1806,0.01641846
1807,0.01681519
1808,0.0171814
1809,0.01754761
1810,0.01794434
1811,0.01794434
1812,0.01794434
1813,0.01831055
1814,0.01831055
1815,0.01831055
1816,0.01831055
1817,0.01870728
1818,0.01870728
1819,0.01907349
1820,0.01907349
1821,0.01947021
1822,0.01947021
1823,0.01980591
1824,0.01980591
1825,0.01980591
1826,0.0201416
1827,0.0201416
1828,0.02044678
1829,0.02044678
1830,0.02044678
1831,0.02078247
1832,0.02044678
1833,0.02044678
1834,0.02044678
1835,0.0201416
1836,0.0201416
1837,0.01980591
1838,0.01947021
1839,0.01947021
1840,0.01907349
1841,0.01947021
1842,0.01907349
1843,0.01907349
1844,0.01907349
1845,0.01907349
1846,0.01870728
1847,0.01870728
1848,0.01831055
1849,0.01794434
1850,0.01754761
1851,0.01754761
1852,0.01754761
1853,0.01754761
1854,0.01754761
1855,0.01754761
1856,0.01754761
1857,0.0171814
1858,0.01681519
1859,0.0171814
1860,0.0171814
1861,0.0171814
1862,0.0171814
1863,0.0171814
1864,0.0171814
1865,0.01754761
1866,0.01754761
1867,0.01754761
1868,0.01754761
1869,0.0171814
1870,0.0171814
1871,0.01681519
1872,0.01681519
1873,0.0171814
1874,0.0171814
1875,0.0171814
1876,0.0171814
1877,0.0171814
1878,0.0171814
1879,0.0171814
1880,0.0171814
1881,0.01681519
1882,0.01641846
1883,0.01605225
1884,0.01605225
1885,0.01605225
1886,0.01605225
1887,0.01605225
1888,0.01605225
1889,0.01605225
1890,0.01605225
1891,0.01605225
1892,0.01565552
1893,0.01565552
1894,0.01565552
1895,0.01565552
1896,0.01565552
1897,0.01565552
1898,0.01528931
1899,0.01528931
1900,0.01528931
1901,0.01528931
1902,0.01528931
1903,0.01528931
1904,0.01528931
1905,0.01565552
1906,0.01565552
1907,0.01605225
1908,0.01605225
1909,0.01605225
1910,0.01565552
1911,0.01528931
1912,0.0149231
1913,0.01416016
1914,0.01376343
1915,0.01339722
1916,0.01300049
1917,0.01339722
1918,0.01339722
1919,0.01339722
1920,0.01339722
1921,0.01376343
1922,0.0149231
1923,0.01605225
1924,0.0171814
1925,0.01870728
1926,0.01980591
1927,0.0201416
1928,0.0201416
1929,0.0201416
1930,0.01980591
1931,0.01947021
1932,0.01947021
1933,0.01947021
1934,0.01947021
1935,0.01980591
1936,0.01980591
1937,0.01980591
1938,0.01980591
1939,0.01980591
1940,0.01980591
1941,0.01980591
1942,0.01980591
1943,0.01980591
1944,0.01980591
1945,0.01947021
1946,0.01980591
1947,0.01980591
1948,0.01947021
1949,0.01947021
1950,0.01980591
1951,0.01947021
1952,0.01980591
1953,0.01980591
1954,0.01980591
1955,0.01980591
1956,0.01980591
1957,0.0201416
1958,0.0201416
1959,0.0201416
1960,0.0201416
1961,0.01980591
1962,0.01980591
1963,0.01980591
1964,0.01980591
1965,0.01980591
1966,0.01980591
1967,0.01980591
1968,0.01980591
1969,0.0201416
1970,0.0201416
1971,0.0201416
1972,0.02044678
1973,0.02044678
1974,0.02044678
1975,0.02044678
1976,0.02044678
1977,0.02044678
1978,0.02044678
1979,0.02044678
1980,0.0201416
1981,0.0201416
1982,0.01980591
1983,0.01980591
1984,0.01947021
1985,0.01980591
1986,0.01947021
1987,0.01980591
1988,0.01947021
1989,0.01980591
1990,0.01947021
1991,0.01947021
1992,0.01980591
1993,0.01947021
1994,0.01947021
1995,0.01947021
1996,0.01947021
1997,0.01947021
1998,0.01907349
1999,0.01907349
2000,0.01907349
2001,0.01907349
2002,0.01907349
2003,0.01907349
2004,0.01870728
2005,0.01870728
2006,0.01870728
2007,0.01870728
2008,0.01870728
2009,0.01870728
2010,0.01870728
2011,0.01870728
2012,0.01870728
2013,0.01831055
2014,0.01831055
2015,0.01794434
2016,0.01794434
2017,0.01794434
2018,0.01754761
2019,0.0171814
2020,0.0171814
2021,0.0171814
2022,0.01681519
2023,0.01681519
2024,0.01681519
2025,0.0171814
2026,0.0171814
2027,0.0171814
2028,0.0171814
2029,0.0171814
2030,0.0171814
2031,0.0171814
2032,0.0171814
2033,0.0171814
2034,0.0171814
2035,0.0171814
2036,0.0171814
2037,0.01754761
2038,0.01754761
2039,0.01754761
2040,0.0171814
2041,0.0171814
2042,0.0171814
2043,0.01681519
2044,0.01681519
2045,0.01681519
2046,0.01681519
2047,0.0171814
2048,0.0171814
2049,0.01754761
2050,0.01794434
2051,0.01831055
2052,0.01831055
2053,0.01831055
2054,0.01870728
2055,0.01831055
2056,0.01831055
2057,0.01831055
2058,0.01831055
2059,0.01831055
2060,0.01870728
2061,0.01831055
2062,0.01754761
2063,0.0171814
2064,0.01605225
2065,0.01605225
2066,0.01565552
2067,0.01528931
2068,0.01452637
2069,0.01452637
2070,0.01452637
2071,0.01452637
2072,0.01565552
2073,0.01641846
2074,0.0171814
2075,0.0171814
2076,0.01754761
2077,0.01794434
2078,0.01794434
2079,0.01831055
2080,0.01870728
2081,0.01907349
2082,0.01907349
2083,0.01947021
2084,0.01980591
2085,0.01980591
2086,0.0201416
2087,0.0201416
2088,0.0201416
2089,0.0201416
2090,0.0201416
2091,0.0201416
2092,0.0201416
2093,0.0201416
2094,0.0201416
2095,0.0201416
2096,0.0201416
2097,0.01980591
2098,0.0201416
2099,0.0201416
2100,0.01980591
2101,0.01980591
2102,0.0201416
2103,0.0201416
2104,0.0201416
2105,0.0201416
2106,0.01980591
2107,0.01947021
2108,0.01907349
2109,0.01907349
2110,0.01870728
2111,0.01870728
2112,0.01831055
2113,0.01831055
2114,0.01831055
2115,0.01831055
2116,0.01831055
2117,0.01831055
2118,0.01831055
2119,0.01831055
2120,0.01794434
2121,0.01794434
2122,0.01794434
2123,0.01754761
2124,0.01754761
2125,0.01754761
2126,0.01754761
2127,0.01754761
2128,0.01754761
2129,0.01754761
2130,0.01754761
2131,0.01754761
2132,0.01754761
2133,0.01794434
2134,0.01794434
2135,0.01794434
2136,0.01794434
2137,0.01831055
2138,0.01831055
2139,0.01870728
2140,0.01870728
2141,0.01794434
2142,0.01794434
2143,0.01794434
2144,0.01794434
2145,0.01794434
2146,0.01794434
2147,0.01794434
2148,0.01754761
2149,0.0171814
2150,0.0171814
2151,0.0171814
2152,0.01681519
2153,0.01641846
2154,0.01681519
2155,0.01754761
2156,0.01794434
2157,0.01794434
2158,0.01831055
2159,0.01831055
2160,0.01831055
2161,0.01870728
2162,0.01870728
2163,0.01870728
2164,0.01870728
2165,0.01870728
2166,0.01870728
2167,0.01870728
2168,0.01870728
2169,0.01870728
2170,0.01907349
2171,0.01947021
2172,0.0201416
2173,0.02044678
2174,0.02078247
2175,0.02078247
2176,0.02078247
2177,0.02078247
2178,0.02078247
2179,0.02044678
2180,0.01980591
2181,0.01907349
2182,0.01870728
2183,0.01831055
2184,0.01754761
2185,0.0171814
2186,0.0171814
2187,0.01754761
2188,0.01754761
2189,0.01754761
2190,0.01794434
2191,0.01794434
2192,0.01754761
2193,0.01754761
2194,0.01754761
2195,0.01754761
2196,0.01754761
2197,0.01754761
2198,0.01754761
2199,0.01754761
2200,0.0171814
2201,0.0171814
2202,0.01681519
2203,0.01681519
2204,0.01681519
2205,0.01681519
2206,0.01681519
2207,0.01681519
2208,0.01681519
2209,0.01681519
2210,0.01681519
2211,0.01641846
2212,0.01641846
2213,0.01641846
2214,0.01641846
2215,0.01605225
2216,0.01605225
2217,0.01565552
2218,0.01565552
2219,0.01565552
2220,0.01528931
2221,0.0149231
2222,0.01452637
2223,0.01452637
2224,0.01452637
2225,0.01452637
2226,0.01452637
2227,0.0149231
2228,0.01528931
2229,0.01528931
2230,0.01528931
2231,0.01528931
2232,0.01528931
2233,0.0149231
2234,0.0149231
2235,0.0149231
2236,0.01452637
2237,0.01416016
2238,0.01416016
2239,0.01452637
2240,0.0149231
2241,0.0149231
2242,0.0149231
2243,0.01452637
2244,0.01416016
2245,0.01376343
2246,0.01339722
2247,0.01300049
2248,0.01226807
2249,0.01226807
2250,0.01226807
2251,0.01226807
2252,0.01226807
2253,0.01300049
2254,0.01300049
2255,0.01339722
2256,0.01376343
2257,0.01416016
2258,0.01416016
2259,0.01452637
2260,0.01452637
2261,0.01452637
2262,0.01452637
2263,0.01452637
2264,0.01452637
2265,0.0149231
2266,0.0149231
2267,0.0149231
2268,0.0149231
2269,0.0149231
2270,0.01452637
2271,0.01452637
2272,0.01452637
2273,0.01416016
2274,0.01416016
2275,0.01416016
2276,0.01416016
2277,0.01416016
2278,0.01376343
2279,0.01376343
2280,0.01416016
2281,0.01416016
2282,0.01416016
2283,0.01416016
2284,0.01416016
2285,0.01416016
2286,0.01416016
2287,0.01416016
2288,0.01416016
2289,0.01416016
2290,0.01416016
2291,0.01416016
2292,0.01416016
2293,0.01416016
2294,0.01452637
2295,0.0149231
2296,0.0149231
2297,0.0149231
2298,0.01452637
2299,0.01452637
2300,0.01452637
2301,0.01452637
2302,0.01416016
2303,0.01416016
2304,0.01416016
2305,0.01376343
2306,0.01416016
2307,0.01416016
2308,0.01452637
2309,0.01452637
2310,0.0149231
2311,0.0149231
2312,0.01528931
2313,0.01565552
2314,0.01605225
2315,0.01681519
2316,0.0171814
2317,0.0171814
2318,0.01641846
2319,0.01605225
2320,0.01528931
2321,0.0149231
2322,0.01452637
2323,0.01376343
2324,0.01376343
2325,0.01339722
2326,0.01300049
2327,0.01339722
2328,0.01376343
2329,0.01416016
2330,0.01416016
2331,0.01452637
2332,0.01452637
2333,0.01452637
2334,0.01452637
2335,0.01452637
2336,0.01416016
2337,0.01416016
2338,0.01416016
2339,0.0149231
2340,0.0149231
2341,0.01528931
2342,0.01528931
2343,0.01528931
2344,0.01528931
2345,0.01565552
2346,0.01565552
2347,0.01565552
2348,0.01565552
2349,0.01528931
2350,0.01528931
2351,0.01528931
2352,0.01528931
2353,0.0149231
2354,0.0149231
2355,0.0149231
2356,0.0149231
2357,0.0149231
2358,0.0149231
2359,0.0149231
2360,0.01528931
2361,0.01528931
2362,0.01565552
2363,0.01565552
2364,0.01565552
2365,0.01565552
2366,0.01565552
2367,0.01565552
2368,0.01565552
2369,0.01528931
2370,0.01565552
2371,0.01528931
2372,0.01565552
2373,0.01565552
2374,0.01605225
2375,0.01641846
2376,0.01641846
2377,0.01641846
2378,0.01681519
2379,0.01641846
2380,0.01641846
2381,0.01641846
2382,0.01641846
2383,0.01641846
2384,0.01681519
2385,0.0171814
2386,0.0171814
2387,0.01681519
2388,0.01681519
2389,0.01641846
2390,0.01641846
2391,0.01641846
2392,0.01641846
2393,0.01641846
2394,0.01641846
2395,0.01681519
2396,0.0171814
2397,0.01754761
2398,0.01794434
2399,0.01794434
2400,0.01794434
2401,0.01831055
2402,0.01831055
2403,0.01794434
2404,0.01794434
2405,0.01794434
2406,0.01794434
2407,0.01794434
2408,0.01794434
2409,0.01794434
2410,0.01831055
2411,0.01794434
2412,0.01794434
2413,0.01831055
2414,0.01870728
2415,0.01831055
2416,0.01870728
2417,0.01870728
2418,0.01870728
2419,0.01870728
2420,0.01907349
2421,0.01907349
2422,0.01907349
2423,0.01980591
2424,0.01947021
2425,0.01870728
2426,0.01870728
2427,0.01947021
2428,0.01831055
2429,0.01754761
2430,0.01641846
2431,0.01641846
2432,0.01641846
2433,0.01681519
2434,0.01681519
2435,0.01641846
2436,0.01565552
2437,0.01565552
2438,0.01376343
2439,0.01376343
2440,0.01376343
2441,0.01452637
2442,0.01452637
2443,0.01452637
2444,0.01452637
2445,0.01452637
2446,0.01452637
2447,0.01452637
2448,0.01452637
2449,0.01452637
2450,0.01452637
2451,0.01452637
2452,0.01452637
2453,0.01452637
2454,0.01452637
2455,0.01452637
2456,0.01452637
2457,0.01452637
2458,0.01452637
2459,0.01452637
2460,0.01452637
2461,0.01452637
2462,0.01452637
2463,0.01452637
2464,0.01452637
2465,0.01452637
2466,0.01452637
2467,0.01452637
2468,0.01452637
2469,0.01452637
2470,0.01452637
2471,0.01452637
2472,0.01452637
2473,0.01452637
2474,0.01452637
2475,0.01452637
2476,0.01452637
2477,0.01452637
2478,0.01452637
2479,0.01452637
2480,0.01452637
2481,0.01452637
2482,0.01452637
2483,0.01452637
2484,0.01452637
2485,0.01452637
2486,0.01452637
2487,0.01452637
2488,0.01452637
2489,0.01452637
2490,0.01452637
2491,0.01452637
2492,0.01452637
2493,0.01452637
2494,0.01452637
2495,0.01452637
2496,0.01452637
2497,0.01452637
2498,0.01452637
2499,0.01452637
2500,0.01452637
2501,0.01452637
2502,0.01452637
2503,0.01452637
2504,0.01452637
2505,0.01452637
2506,0.01452637
2507,0.01452637
2508,0.01452637
2509,0.01452637
2510,0.01452637
2511,0.005340576
2512,0.005340576
2513,0.005340576
2514,0.005340576
2515,0.005340576
2516,0.005340576
2517,0.005340576
2518,0.005340576
2519,0.005340576
2520,0.005340576
2521,0.005340576
2522,0.005340576
2523,0.005340576
2524,0.005340576
2525,0.005340576
2526,0.005340576
2527,0.005340576
2528,0.005340576
2529,0.005340576
2530,0.005340576
2531,0.005340576
2532,0.005340576
2533,0.005340576
2534,0.005340576
2535,0.005340576
2536,0.005340576
2537,0.005340576
2538,0.005340576
2539,0.005340576
2540,0.005340576
2541,0.005340576
2542,0.005340576
2543,0.005340576
2544,0.005340576
2545,0.005340576
2546,0.005340576
2547,0.005340576
2548,0.005340576
2549,0.005340576
2550,0.005340576
2551,0.005340576
2552,0.005340576
2553,0.005340576
2554,0.005340576
2555,0.005340576
2556,0.005340576
2557,0.005340576
2558,0.005340576
2559,0.005340576
2560,0.005340576
2561,0.005340576
2562,0.005340576
2563,0.005340576
2564,0.005340576
2565,0.005340576
2566,0.005340576
2567,0.005340576
2568,0.005340576
2569,0.005340576
2570,0.005340576
2571,0.005340576
2572,0.005340576
2573,0.005340576
2574,0.005340576
2575,0.005340576
2576,0.005340576
2577,0.005340576
2578,0.005340576
2579,0.005340576
2580,0.005340576
2581,0.005340576
2582,0.005340576
2583,0.005340576
2584,0.005340576
2585,0.005340576
2586,0.005340576
2587,0.005340576
2588,0.005340576
2589,0.005340576
2590,0.005340576
2591,0.005340576
2592,0.005340576
2593,0.005340576
2594,0.005340576
2595,0.005340576
2596,0.005340576
2597,0.005340576
2598,0.005340576
2599,0.005340576
2600,0.005340576
2601,0.005340576
2602,0.005340576
2603,0.005340576
2604,0.005340576
2605,0.005340576
2606,0.005340576
2607,0.005340576
2608,0.005340576
2609,0.005340576
2610,0.005340576
2611,0.005340576
2612,0.005340576
2613,0.005340576
2614,0.005340576
2615,0.005340576
2616,0.005340576
2617,0.005340576
2618,0.005340576
2619,0.005340576
2620,0.005340576
2621,0.005340576
2622,0.005340576
2623,0.005340576
2624,0.005340576
2625,0.005340576
2626,0.005340576
2627,0.005340576
2628,0.005340576
2629,0.005340576
2630,0.005340576
2631,0.005340576
2632,0.005340576
2633,0.005340576
2634,0.005340576
2635,0.005340576
2636,0.005340576
2637,0.005340576
2638,0.005340576
2639,0.005340576
2640,0.005340576
2641,0.005340576
2642,0.005340576
2643,0.005340576
2644,0.005340576
2645,0.005340576
2646,0.005340576
2647,0.005340576
2648,0.005340576
2649,0.005340576
2650,0.005340576
2651,0.005340576
2652,0.005340576
2653,0.005340576
2654,0.005340576
2655,0.005340576
2656,0.005340576
2657,0.005340576
2658,0.005340576
2659,0.005340576
2660,0.005340576
2661,0.005340576
2662,0.005340576
2663,0.005340576
2664,0.005340576
2665,0.005340576
2666,0.005340576
2667,0.005340576
2668,0.005340576
2669,0.005340576
2670,0.005340576
2671,0.005340576
2672,0.005340576
2673,0.005340576
2674,0.005340576
2675,0.005340576
2676,0.005340576
2677,0.005340576
2678,0.005340576
2679,0.005340576
2680,0.005340576
2681,0.005340576
2682,0.005340576
2683,0.005340576
2684,0.005340576
2685,0.005340576
2686,0.005340576
2687,0.005340576
2688,0.005340576
2689,0.005340576
2690,0.005340576
2691,0.005340576
2692,0.005340576
2693,0.005340576
2694,0.005340576
2695,0.005340576
2696,0.005340576
2697,0.005340576
2698,0.005340576
2699,0.005340576
2700,0.005340576
2701,0.005340576
2702,0.005340576
2703,0.005340576
2704,0.005340576
2705,0.005340576
2706,0.005340576
2707,0.005340576
2708,0.005340576
2709,0.005340576
2710,0.005340576
2711,0.005340576
2712,0.005340576
2713,0.005340576
2714,0.005340576
2715,0.005340576
2716,0.005340576
2717,0.005340576
2718,0.005340576
2719,0.005340576
2720,0.005340576
2721,0.005340576
2722,0.005340576
2723,0.005340576
2724,0.005340576
2725,0.005340576
2726,0.005340576
2727,0.005340576
2728,0.005340576
2729,0.005340576
2730,0.005340576
2731,0.005340576
2732,0.005340576
2733,0.005340576
2734,0.005340576
2735,0.005340576
2736,0.005340576
2737,0.005340576
2738,0.005340576
2739,0.005340576
2740,0.005340576
2741,0.005340576
2742,0.005340576
2743,0.005340576
2744,0.005340576
2745,0.005340576
2746,0.005340576
2747,0.005340576
2748,0.005340576
2749,0.005340576
2750,0.005340576
2751,0.005340576
2752,0.005340576
2753,0.005340576
2754,0.005340576
2755,0.005340576
2756,0.005340576
2757,0.005340576
2758,0.005340576
2759,0.005340576
2760,0.005340576
2761,0.005340576
2762,0.005340576
2763,0.005340576
2764,0.005340576
2765,0.005340576
2766,0.005340576
2767,0.005340576
2768,0.005340576
2769,0.005340576
2770,0.005340576
2771,0.005340576
2772,0.005340576
2773,0.005340576
2774,0.005340576
2775,0.005340576
2776,0.005340576
2777,0.005340576
2778,0.005340576
2779,0.005340576
2780,0.005340576
2781,0.005340576
2782,0.005340576
2783,0.005340576
2784,0.005340576
2785,0.005340576
2786,0.005340576
2787,0.005340576
2788,0.005340576
2789,0.005340576
2790,0.005340576
2791,0.005340576
2792,0.005340576
2793,0.005340576
2794,0.005340576
2795,0.005340576
2796,0.005340576
2797,0.005340576
2798,0.005340576
2799,0.005340576
2800,0.005340576
2801,0.005340576
2802,0.005340576
2803,0.005340576
2804,0.005340576
2805,0.005340576
2806,0.005340576
2807,0.005340576
2808,0.005340576
2809,0.005340576
2810,0.005340576
2811,0.005340576
2812,0.005340576
2813,0.005340576
2814,0.005340576
2815,0.005340576
2816,0.005340576
2817,0.005340576
2818,0.005340576
2819,0.005340576
2820,0.005340576
2821,0.005340576
2822,0.005340576
2823,0.005340576
2824,0.005340576
2825,0.005340576
2826,0.005340576
2827,0.005340576
2828,0.005340576
2829,0.005340576
2830,0.005340576
2831,0.005340576
2832,0.005340576
2833,0.005340576
2834,0.005340576
2835,0.005340576
2836,0.005340576
2837,0.005340576
2838,0.005340576
2839,0.005340576
2840,0.005340576
2841,0.005340576
2842,0.005340576
2843,0.005340576
2844,0.005340576
2845,0.005340576
2846,0.005340576
2847,0.005340576
2848,0.005340576
2849,0.005340576
2850,0.005340576
2851,0.005340576
2852,0.005340576
2853,0.005340576
2854,0.005340576
2855,0.005340576
2856,0.005340576
2857,0.005340576
2858,0.005340576
2859,0.005340576
2860,0.005340576
2861,0.005340576
2862,0.005340576
2863,0.005340576
2864,0.005340576
2865,0.005340576
2866,0.005340576
2867,0.005340576
2868,0.005340576
2869,0.005340576
2870,0.005340576
2871,0.005340576
2872,0.005340576
2873,0.005340576
2874,0.005340576
2875,0.005340576
2876,0.005340576
2877,0.005340576
2878,0.005340576
2879,0.005340576
2880,0.005340576
2881,0.005340576
2882,0.005340576
2883,0.005340576
2884,0.005340576
2885,0.005340576
2886,0.005340576
2887,0.005340576
2888,0.005340576
2889,0.005340576
2890,0.0027771
2891,0.0027771
2892,0.0027771
2893,0.0027771
2894,0.0027771
2895,0.0027771
2896,0.0027771
2897,0.0027771
